{
  "version": "1",
  "cognitoConfig": {
    "identityPoolName": "evydpddashboardbc6d4075_identitypool_bc6d4075",
    "allowUnauthenticatedIdentities": false,
    "resourceNameTruncated": "evydpdbc6d4075",
    "userPoolName": "evydpddashboardbc6d4075_userpool_bc6d4075",
    "autoVerifiedAttributes": [
      "email"
    ],
    "mfaConfiguration": "OFF",
    "mfaTypes": [
      "SMS Text Message"
    ],
    "smsAuthenticationMessage": "Your authentication code is {####}",
    "smsVerificationMessage": "Your verification code is {####}",
    "emailVerificationSubject": "Your verification code",
    "emailVerificationMessage": "Your verification code is {####}",
    "defaultPasswordPolicy": false,
    "passwordPolicyMinLength": 8,
    "passwordPolicyCharacters": [],
    "requiredAttributes": [
      "email"
    ],
    "aliasAttributes": [],
    "userpoolClientGenerateSecret": false,
    "userpoolClientRefreshTokenValidity": 30,
    "userpoolClientWriteAttributes": [
      "email"
    ],
    "userpoolClientReadAttributes": [
      "email"
    ],
    "userpoolClientLambdaRole": "evydpdbc6d4075_userpoolclient_lambda_role",
    "userpoolClientSetAttributes": false,
    "sharedId": "bc6d4075",
    "resourceName": "evydpddashboardbc6d4075",
    "authSelections": "identityPoolAndUserPool",
    "useDefault": "default",
    "userPoolGroupList": [],
    "serviceName": "Cognito",
    "usernameCaseSensitive": false,
    "useEnabledMfas": true
  }
}